origchr,LG
S1A_1346587,1A,13
S1A_7529921,1A,13
S1A_13042620,1A,13
S1A_18800154,1A,13
S1A_25053560,1A,13
S1A_32450017,1A,13
S1A_37814185,1A,13
S1A_44731983,1A,13
S1A_138159582,1A,13
S1A_147294812,1A,13
S1A_192816949,1A,13
S1A_479315518,1A,13
S1A_484380178,1A,13
S1A_489644398,1A,13
S1A_495488730,1A,13
S1A_500667067,1A,13
S1A_506611357,1A,13
S1A_511818971,1A,13
S1A_517929051,1A,13
S1A_523004569,1A,13
S1A_534089356,1A,13
S1A_539213429,1A,13
S1A_544436350,1A,13
S1A_550415952,1A,13
S1A_555711601,1A,13
S1A_560953359,1A,13
S1A_566757064,1A,13
S1A_571795049,1A,13
S1A_577479755,1A,13
S1A_583495579,1A,13
S1A_593558643,1A,13
S1A_598620804,1A,13
S1B_2081676,1B,19
S1B_9303200,1B,7
S1B_14434178,1B,7
S1B_19873593,1B,7
S1B_26124019,1B,7
S1B_31357173,1B,7
S1B_37018495,1B,7
S1B_43283223,1B,7
S1B_48531473,1B,7
S1B_53657023,1B,7
S1B_58863251,1B,7
S1B_64108067,1B,7
S1B_69161916,1B,7
S1B_74711056,1B,7
S1B_80041905,1B,7
S1B_85872033,1B,7
S1B_91723180,1B,7
S1B_98134978,1B,7
S1B_104092236,1B,7
S1B_113622334,1B,7
S1B_121131474,1B,7
S1B_143273307,1B,7
S1B_150564138,1B,7
S1B_158849397,1B,7
S1B_176868177,1B,7
S1B_198401398,1B,7
S1B_208697408,1B,7
S1B_226619506,1B,7
S1B_272502943,1B,7
S1B_311485747,1B,7
S1B_317183330,1B,7
S1B_435466222,1B,7
S1B_440504104,1B,7
S1B_445917057,1B,7
S1B_452478351,1B,7
S1B_461044715,1B,7
S1B_471842235,1B,7
S1B_477181933,1B,7
S1B_482285076,1B,7
S1B_487710967,1B,7
S1B_492943728,1B,7
S1B_498132093,1B,7
S1B_503961672,1B,7
S1B_513042926,1B,7
S1B_518705336,1B,7
S1B_529205129,1B,7
S1B_621383085,1B,7
S1B_626646984,1B,7
S1B_631793946,1B,7
S1B_637643380,1B,7
S1B_642695082,1B,7
S1B_648007873,1B,7
S1B_653252031,1B,7
S1B_658859369,1B,7
S1B_664471722,1B,7
S1B_669589180,1B,7
S1B_674602504,1B,7
S1B_679816179,1B,7
S1B_684984530,1B,7
S1B_690601679,1B,7
S1B_696838518,1B,7
S1D_3017447,1D,19
S1D_19837198,1D,14
S1D_25691423,1D,14
S1D_30850043,1D,14
S1D_37076855,1D,14
S1D_42476703,1D,14
S1D_70598586,1D,14
S1D_180960376,1D,14
S1D_199544776,1D,14
S1D_235957608,1D,14
S1D_260426520,1D,14
S1D_270515721,1D,14
S1D_277194622,1D,14
S1D_288030459,1D,14
S1D_293425769,1D,14
S1D_298478332,1D,14
S1D_305510110,1D,14
S1D_311631939,1D,14
S1D_319408872,1D,14
S1D_330753531,1D,14
S1D_338590945,1D,14
S1D_344662931,1D,14
S1D_352080113,1D,14
S1D_361721794,1D,14
S1D_376644981,1D,14
S1D_381891237,1D,14
S1D_388294118,1D,14
S1D_395991220,1D,14
S1D_403433005,1D,14
S1D_408791873,1D,14
S1D_414469780,1D,14
S1D_419564722,1D,14
S1D_450538829,1D,16
S1D_455566705,1D,16
S1D_460817560,1D,16
S1D_466071606,1D,16
S1D_472488008,1D,16
S1D_478591872,1D,16
S1D_484698776,1D,16
S2A_728838,2A,5
S2A_7118041,2A,5
S2A_13311871,2A,5
S2A_19985041,2A,5
S2A_25005117,2A,5
S2A_32128753,2A,5
S2A_37268402,2A,5
S2A_43091424,2A,5
S2A_57133203,2A,5
S2A_83530785,2A,5
S2A_88578074,2A,5
S2A_100346356,2A,5
S2A_106518064,2A,5
S2A_112083661,2A,5
S2A_128120092,2A,5
S2A_137534256,2A,5
S2A_145044216,2A,5
S2A_166194188,2A,5
S2A_176336822,2A,5
S2A_181386764,2A,5
S2A_188331784,2A,5
S2A_196639449,2A,5
S2A_210621826,2A,5
S2A_257586535,2A,5
S2A_278824815,2A,5
S2A_287435362,2A,5
S2A_305125740,2A,5
S2A_311582913,2A,5
S2A_316856082,2A,5
S2A_323101458,2A,5
S2A_350415073,2A,5
S2A_356209248,2A,5
S2A_365536677,2A,5
S2A_373588390,2A,5
S2A_384736708,2A,5
S2A_404658918,2A,5
S2A_410915662,2A,5
S2A_448132252,2A,5
S2A_502353447,2A,5
S2A_507759162,2A,5
S2A_518405450,2A,5
S2A_528892079,2A,5
S2A_542649928,2A,5
S2A_553401461,2A,5
S2A_563316272,2A,5
S2A_569422853,2A,5
S2A_583143644,2A,5
S2A_590675850,2A,5
S2A_596047320,2A,5
S2A_602759807,2A,5
S2A_607828412,2A,5
S2A_613141749,2A,5
S2A_619823048,2A,5
S2A_624957627,2A,5
S2A_630375385,2A,5
S2A_635395940,2A,5
S2A_640676897,2A,5
S2A_645931255,2A,5
S2A_652384159,2A,5
S2A_658500780,2A,5
S2A_665316254,2A,5
S2A_671254991,2A,5
S2A_676795164,2A,5
S2A_682422920,2A,5
S2A_699038791,2A,5
S2A_704168000,2A,5
S2A_709269602,2A,5
S2A_714770594,2A,5
S2A_719875547,2A,5
S2A_725683919,2A,5
S2A_731199740,2A,5
S2A_737479300,2A,5
S2A_749097438,2A,5
S2A_754170738,2A,5
S2A_764297489,2A,5
S2A_770253413,2A,5
S2A_775587294,2A,5
S2A_781066238,2A,5
S2B_1951774,2B,2
S2B_7372921,2B,2
S2B_13233314,2B,2
S2B_19173029,2B,2
S2B_24178058,2B,2
S2B_29365198,2B,2
S2B_39608385,2B,2
S2B_45041838,2B,2
S2B_55717954,2B,2
S2B_66392762,2B,2
S2B_77982085,2B,2
S2B_83379729,2B,2
S2B_92090360,2B,2
S2B_97156122,2B,2
S2B_102548854,2B,2
S2B_107646195,2B,2
S2B_113287774,2B,2
S2B_119050825,2B,2
S2B_124287131,2B,2
S2B_129938482,2B,2
S2B_136225478,2B,2
S2B_141972413,2B,2
S2B_148425793,2B,2
S2B_154766365,2B,2
S2B_160215550,2B,2
S2B_166636972,2B,2
S2B_172047184,2B,2
S2B_177072876,2B,2
S2B_182140982,2B,2
S2B_187830572,2B,2
S2B_215511691,2B,2
S2B_307075059,2B,2
S2B_380965138,2B,2
S2B_423680231,2B,2
S2B_429656085,2B,2
S2B_435062632,2B,2
S2B_440183940,2B,2
S2B_447456552,2B,2
S2B_453346191,2B,2
S2B_458837534,2B,2
S2B_463852436,2B,2
S2B_471737568,2B,2
S2B_479382913,2B,2
S2B_485735101,2B,2
S2B_491989897,2B,2
S2B_497456185,2B,2
S2B_503998393,2B,2
S2B_509694771,2B,2
S2B_515557004,2B,2
S2B_522739953,2B,2
S2B_530850328,2B,2
S2B_537299511,2B,2
S2B_542358043,2B,2
S2B_547596616,2B,2
S2B_553878970,2B,2
S2B_561118496,2B,2
S2B_566572629,2B,2
S2B_572441952,2B,2
S2B_577492130,2B,2
S2B_583651677,2B,2
S2B_588704042,2B,2
S2B_593748696,2B,2
S2B_598920872,2B,2
S2B_604086503,2B,2
S2B_609549063,2B,2
S2B_615266587,2B,2
S2B_623170322,2B,2
S2B_628938426,2B,2
S2B_633975521,2B,2
S2B_639311822,2B,2
S2B_644495057,2B,2
S2B_649811898,2B,2
S2B_654820497,2B,2
S2B_659988403,2B,2
S2B_665061914,2B,2
S2B_670622298,2B,2
S2B_675787474,2B,2
S2B_681000598,2B,2
S2B_686632830,2B,2
S2B_691800657,2B,2
S2B_698251106,2B,2
S2B_703856065,2B,2
S2B_709536077,2B,2
S2B_715207058,2B,2
S2B_720540201,2B,2
S2B_725669806,2B,2
S2B_731740525,2B,2
S2B_736942592,2B,2
S2B_742576251,2B,2
S2B_747701900,2B,2
S2B_752791434,2B,2
S2B_758171990,2B,2
S2B_763436538,2B,2
S2B_768737231,2B,2
S2B_774402137,2B,2
S2B_779798371,2B,2
S2B_785503732,2B,2
S2B_790682712,2B,2
S2B_795770838,2B,2
S2B_803286438,2B,2
S2B_808851205,2B,2
S2D_305098,2D,1
S2D_6160503,2D,1
S2D_16875581,2D,1
S2D_29833864,2D,1
S2D_35055769,2D,1
S2D_40469438,2D,1
S2D_46139616,2D,1
S2D_51817712,2D,1
S2D_59776393,2D,1
S2D_66212591,2D,1
S2D_71463756,2D,1
S2D_78406405,2D,1
S2D_92629971,2D,1
S2D_100046536,2D,1
S2D_106033966,2D,1
S2D_111363562,2D,1
S2D_116851581,2D,1
S2D_122287029,2D,1
S2D_128217268,2D,1
S2D_133442413,2D,1
S2D_138969489,2D,1
S2D_145718382,2D,1
S2D_156578268,2D,1
S2D_162057127,2D,1
S2D_167067016,2D,1
S2D_173729832,2D,1
S2D_182125798,2D,1
S2D_189924164,2D,1
S2D_199734748,2D,1
S2D_222576405,2D,1
S2D_229587195,2D,1
S2D_241176069,2D,1
S2D_248933758,2D,1
S2D_286633020,2D,1
S2D_301153575,2D,1
S2D_320401935,2D,1
S2D_329926578,2D,1
S2D_341294825,2D,1
S2D_354481250,2D,1
S2D_364976108,2D,1
S2D_371236063,2D,1
S2D_376416682,2D,1
S2D_382035393,2D,1
S2D_388034875,2D,1
S2D_396278546,2D,1
S2D_402032848,2D,1
S2D_408104229,2D,1
S2D_414226709,2D,1
S2D_419851445,2D,1
S2D_424956205,2D,1
S2D_430303611,2D,1
S2D_435839447,2D,1
S2D_442982621,2D,1
S2D_449701360,2D,1
S2D_455754335,2D,1
S2D_461853833,2D,1
S2D_468665657,2D,1
S2D_474479629,2D,1
S2D_480940766,2D,1
S2D_486572701,2D,1
S2D_491772866,2D,1
S2D_497427663,2D,1
S2D_503191790,2D,1
S2D_510271388,2D,1
S2D_517852284,2D,1
S2D_529326321,2D,1
S2D_536265175,2D,1
S2D_541988821,2D,1
S2D_547427957,2D,1
S2D_564043681,2D,1
S2D_575316162,2D,1
S2D_588690507,2D,1
S2D_604369721,2D,1
S2D_619515555,2D,1
S2D_624930200,2D,1
S2D_632513693,2D,1
S2D_637549636,2D,1
S2D_646108056,2D,1
S2D_651562722,2D,1
S3A_2014132,3A,1
S3A_7331470,3A,1
S3A_12411476,3A,1
S3A_17495388,3A,1
S3A_22677701,3A,1
S3A_28741079,3A,1
S3A_35739648,3A,1
S3A_41245027,3A,1
S3A_62620435,3A,1
S3A_68721774,3A,1
S3A_79780196,3A,1
S3A_478647343,3A,1
S3A_508690694,3A,1
S3A_513884656,3A,1
S3A_518987132,3A,1
S3A_524345170,3A,1
S3A_529853149,3A,1
S3A_535310003,3A,1
S3A_542012151,3A,1
S3A_547113213,3A,1
S3A_552323377,3A,1
S3A_557443726,3A,1
S3A_562928486,3A,1
S3A_568062006,3A,1
S3A_575396528,3A,1
S3A_580833581,3A,1
S3A_585863046,3A,1
S3A_590998809,3A,1
S3A_596125678,3A,1
S3A_601153737,3A,1
S3A_607827661,3A,1
S3A_613732303,3A,1
S3A_619003771,3A,1
S3A_624150409,3A,1
S3A_629290072,3A,1
S3A_635430367,3A,1
S3A_641572913,3A,1
S3A_646815809,3A,1
S3A_652966049,3A,1
S3A_658124704,3A,1
S3A_664064288,3A,1
S3A_669347529,3A,1
S3A_676193236,3A,1
S3A_681487368,3A,1
S3A_686680776,3A,1
S3A_691701218,3A,1
S3A_697085139,3A,1
S3A_702396658,3A,1
S3A_707432921,3A,1
S3A_712897959,3A,1
S3A_718301128,3A,1
S3A_724105302,3A,1
S3A_729201356,3A,1
S3A_734367779,3A,1
S3A_739751164,3A,1
S3A_746180343,3A,1
S3A_753430534,3A,1
S3B_433659,3B,8
S3B_5712133,3B,8
S3B_13205169,3B,8
S3B_18455849,3B,8
S3B_23499440,3B,8
S3B_28506123,3B,8
S3B_33543503,3B,8
S3B_38604467,3B,8
S3B_44227571,3B,8
S3B_49794443,3B,8
S3B_54919852,3B,8
S3B_60182079,3B,8
S3B_65902610,3B,8
S3B_85948744,3B,8
S3B_96360339,3B,8
S3B_102839854,3B,8
S3B_108073889,3B,8
S3B_127736397,3B,8
S3B_133071922,3B,8
S3B_138743477,3B,8
S3B_154499928,3B,8
S3B_159683803,3B,8
S3B_196343474,3B,8
S3B_207242181,3B,8
S3B_290607685,3B,8
S3B_398414893,3B,8
S3B_513160574,3B,8
S3B_624802748,3B,8
S3B_630150613,3B,8
S3B_647724700,3B,8
S3B_653354048,3B,8
S3B_659154545,3B,8
S3B_664864455,3B,8
S3B_669887136,3B,8
S3B_674973157,3B,8
S3B_683695229,3B,8
S3B_689337298,3B,8
S3B_694696086,3B,8
S3B_699933654,3B,8
S3B_705409128,3B,8
S3B_711010311,3B,8
S3B_718561077,3B,8
S3B_729148444,3B,8
S3B_734963019,3B,8
S3B_740510501,3B,8
S3B_745543544,3B,8
S3B_751339681,3B,8
S3B_756448449,3B,8
S3B_767401712,3B,8
S3B_774422599,3B,8
S3B_779594020,3B,8
S3B_812173317,3B,17
S3B_818277614,3B,17
S3B_828535247,3B,17
S3B_836327891,3B,1
S3B_843859967,3B,17
S3D_8331908,3D,21
S3D_19911588,3D,9
S3D_28975645,3D,9
S3D_34372440,3D,9
S3D_40931552,3D,9
S3D_47585758,3D,9
S3D_57630252,3D,9
S3D_67568387,3D,9
S3D_72631605,3D,9
S3D_77898785,3D,9
S3D_83110585,3D,9
S3D_375103766,3D,9
S3D_381553602,3D,9
S3D_389740109,3D,9
S3D_406938658,3D,9
S3D_419915831,3D,9
S3D_426276775,3D,9
S3D_442359708,3D,9
S3D_450202241,3D,9
S3D_455273155,3D,9
S3D_460710864,3D,9
S3D_467167432,3D,9
S3D_473159949,3D,9
S3D_482280549,3D,9
S3D_488364384,3D,9
S3D_494799506,3D,9
S3D_500919994,3D,9
S3D_505971910,3D,9
S3D_513418864,3D,9
S3D_520284796,3D,9
S3D_525389901,3D,9
S3D_530394089,3D,9
S3D_536592853,3D,9
S3D_542001924,3D,9
S3D_548414975,3D,9
S3D_553533531,3D,9
S3D_558551694,3D,9
S3D_563817151,3D,9
S3D_569303975,3D,9
S3D_574612270,3D,9
S3D_579756726,3D,9
S3D_585625447,3D,9
S3D_592564215,3D,9
S3D_599123576,3D,9
S3D_604129901,3D,9
S3D_610693922,3D,9
S3D_619004830,3D,9
S4A_203937,4A,3
S4A_5922374,4A,3
S4A_14735215,4A,3
S4A_21063377,4A,3
S4A_29326508,4A,3
S4A_34857250,4A,3
S4A_40815931,4A,3
S4A_45832504,4A,3
S4A_91153364,4A,3
S4A_104394296,4A,3
S4A_109797962,4A,3
S4A_114802272,4A,3
S4A_120373653,4A,3
S4A_125798478,4A,3
S4A_131821351,4A,3
S4A_137310894,4A,3
S4A_143550620,4A,3
S4A_154626449,4A,3
S4A_160794296,4A,3
S4A_167483943,4A,3
S4A_173954177,4A,3
S4A_190808969,4A,3
S4A_199072451,4A,3
S4A_215325397,4A,3
S4A_233102413,4A,3
S4A_238711722,4A,3
S4A_245744837,4A,3
S4A_265644387,4A,3
S4A_272559410,4A,3
S4A_281264871,4A,3
S4A_290775701,4A,3
S4A_296443961,4A,3
S4A_304862714,4A,3
S4A_310459077,4A,3
S4A_316222498,4A,3
S4A_321999286,4A,3
S4A_330753819,4A,3
S4A_338258514,4A,3
S4A_348678697,4A,3
S4A_356676874,4A,3
S4A_367972039,4A,3
S4A_383107012,4A,3
S4A_391151982,4A,3
S4A_397272379,4A,3
S4A_406814624,4A,3
S4A_416322577,4A,3
S4A_424718261,4A,3
S4A_435657493,4A,3
S4A_441994771,4A,3
S4A_452064575,4A,3
S4A_466420907,4A,3
S4A_473591689,4A,3
S4A_482684962,4A,3
S4A_488148772,4A,3
S4A_496216465,4A,3
S4A_505473361,4A,3
S4A_511735386,4A,3
S4A_520057321,4A,3
S4A_526570312,4A,3
S4A_531933412,4A,3
S4A_537902480,4A,3
S4A_543185287,4A,3
S4A_548897128,4A,3
S4A_560132060,4A,3
S4A_566023354,4A,3
S4A_571161875,4A,3
S4A_576313304,4A,3
S4A_581395546,4A,3
S4A_596522231,4A,3
S4A_601809422,4A,3
S4A_606932107,4A,3
S4A_612458966,4A,3
S4A_617843240,4A,3
S4A_624750435,4A,3
S4A_629971093,4A,3
S4A_637376504,4A,3
S4A_643288077,4A,3
S4A_648463581,4A,3
S4A_658378909,4A,3
S4A_663790974,4A,3
S4A_668940593,4A,3
S4A_676790257,4A,3
S4A_682396621,4A,3
S4A_687812296,4A,3
S4A_692850910,4A,3
S4A_698231404,4A,3
S4A_717044889,4A,3
S4A_722963774,4A,3
S4A_736755879,4A,3
S4A_742361965,4A,3
S4A_748081826,4A,3
S4B_630811,4B,1
S4B_5666052,4B,1
S4B_10834303,4B,1
S4B_15848243,4B,1
S4B_22423566,4B,1
S4B_29264670,4B,1
S4B_46034718,4B,1
S4B_51510094,4B,1
S4B_56618614,4B,1
S4B_62313549,4B,1
S4B_67332136,4B,1
S4B_72465486,4B,1
S4B_78803982,4B,1
S4B_87098646,4B,1
S4B_92527488,4B,1
S4B_97798050,4B,1
S4B_102928378,4B,1
S4B_110269850,4B,1
S4B_124626502,4B,1
S4B_132193181,4B,1
S4B_138872501,4B,1
S4B_144232278,4B,1
S4B_150484397,4B,1
S4B_157716179,4B,1
S4B_162953613,4B,1
S4B_169135224,4B,1
S4B_175851662,4B,1
S4B_183549499,4B,1
S4B_209255450,4B,1
S4B_230153497,4B,1
S4B_247488037,4B,1
S4B_281276456,4B,1
S4B_287982788,4B,1
S4B_304901838,4B,1
S4B_314400146,4B,1
S4B_342486421,4B,1
S4B_375715119,4B,1
S4B_381476544,4B,1
S4B_405548979,4B,1
S4B_413325637,4B,1
S4B_418680986,4B,1
S4B_431040180,4B,1
S4B_436365625,4B,1
S4B_449639954,4B,1
S4B_454786360,4B,1
S4B_460167496,4B,1
S4B_465256254,4B,1
S4B_470894306,4B,1
S4B_476464139,4B,1
S4B_482017884,4B,1
S4B_488305751,4B,1
S4B_494091694,4B,1
S4B_499456363,4B,1
S4B_506404444,4B,1
S4B_511785066,4B,1
S4B_561866941,4B,1
S4B_567435994,4B,1
S4B_578531776,4B,1
S4B_583834001,4B,1
S4B_589959812,4B,1
S4B_596817471,4B,1
S4B_602780633,4B,1
S4B_608375547,4B,1
S4B_614041581,4B,1
S4B_619072810,4B,1
S4B_624099395,4B,1
S4B_629909682,4B,1
S4B_634952191,4B,1
S4B_640015094,4B,1
S4B_645671590,4B,1
S4B_651261547,4B,1
S4B_656643557,4B,1
S4B_664376757,4B,1
S4B_670349074,4B,1
S4D_539185,4D,15
S4D_5870034,4D,15
S4D_11347493,4D,15
S4D_17076917,4D,15
S4D_50311740,4D,15
S4D_144460734,4D,15
S4D_368507096,4D,15
S4D_373549838,4D,15
S4D_379713259,4D,15
S4D_386782821,4D,15
S4D_394796065,4D,15
S4D_401132461,4D,15
S4D_410561725,4D,15
S4D_416270870,4D,15
S4D_426698193,4D,15
S4D_433629371,4D,15
S4D_442984110,4D,15
S4D_449324435,4D,15
S4D_454644514,4D,15
S4D_459871931,4D,15
S4D_466467879,4D,15
S4D_490600463,4D,15
S4D_496685621,4D,15
S4D_502196581,4D,15
S4D_509159703,4D,15
S5A_2069074,5A,1
S5A_7244122,5A,1
S5A_12254340,5A,1
S5A_17668322,5A,1
S5A_22821923,5A,1
S5A_28748636,5A,1
S5A_36195245,5A,1
S5A_41317257,5A,1
S5A_53299718,5A,1
S5A_59255248,5A,1
S5A_66243094,5A,1
S5A_75304811,5A,1
S5A_90089161,5A,1
S5A_95469986,5A,1
S5A_114249913,5A,1
S5A_133337117,5A,1
S5A_139892783,5A,1
S5A_146504683,5A,1
S5A_153866832,5A,1
S5A_159436500,5A,1
S5A_167923552,5A,1
S5A_174314963,5A,1
S5A_179374504,5A,1
S5A_194279458,5A,1
S5A_207493312,5A,1
S5A_212938829,5A,1
S5A_219630788,5A,1
S5A_235797479,5A,1
S5A_263081082,5A,1
S5A_269837407,5A,1
S5A_284248850,5A,1
S5A_290255251,5A,1
S5A_295372653,5A,1
S5A_301395256,5A,1
S5A_307688904,5A,1
S5A_313994393,5A,1
S5A_320662391,5A,1
S5A_333185374,5A,1
S5A_338703611,5A,1
S5A_344369809,5A,1
S5A_351417773,5A,1
S5A_357091533,5A,1
S5A_362611439,5A,1
S5A_368422894,5A,1
S5A_375508931,5A,1
S5A_380968665,5A,1
S5A_388342300,5A,1
S5A_393981008,5A,1
S5A_400225680,5A,1
S5A_406009315,5A,1
S5A_413787921,5A,1
S5A_419195620,5A,1
S5A_427530504,5A,1
S5A_432655720,5A,1
S5A_438447826,5A,1
S5A_444227476,5A,1
S5A_449808151,5A,1
S5A_454903688,5A,1
S5A_460993805,5A,1
S5A_470705107,5A,1
S5A_475801369,5A,1
S5A_481270871,5A,1
S5A_486656217,5A,1
S5A_493585233,5A,1
S5A_499465877,5A,1
S5A_504513434,5A,1
S5A_509786102,5A,1
S5A_514839152,5A,1
S5A_520599098,5A,1
S5A_526634384,5A,1
S5A_534017526,5A,1
S5A_539400069,5A,1
S5A_544536556,5A,1
S5A_550086577,5A,1
S5A_564005667,5A,1
S5A_569985551,5A,1
S5A_574992432,5A,1
S5A_580360984,5A,1
S5A_585426460,5A,1
S5A_590444694,5A,1
S5A_595569491,5A,1
S5A_600699019,5A,1
S5A_606118718,5A,1
S5A_611709202,5A,1
S5A_617058917,5A,1
S5A_622380752,5A,1
S5A_627592844,5A,1
S5A_633646620,5A,1
S5A_638950145,5A,1
S5A_644279345,5A,1
S5A_649280605,5A,1
S5A_655768450,5A,1
S5A_660769452,5A,1
S5A_666114143,5A,1
S5A_671342617,5A,1
S5A_678759274,5A,1
S5B_1254089,5B,6
S5B_7201651,5B,6
S5B_18509023,5B,6
S5B_23563434,5B,6
S5B_29003826,5B,6
S5B_34675501,5B,6
S5B_42362940,5B,6
S5B_47601620,5B,6
S5B_53092388,5B,6
S5B_60666222,5B,6
S5B_66299588,5B,6
S5B_71864593,5B,6
S5B_79933263,5B,6
S5B_90338331,5B,6
S5B_95407720,5B,6
S5B_104681736,5B,6
S5B_110003052,5B,6
S5B_116195072,5B,6
S5B_125877790,5B,6
S5B_141354449,5B,6
S5B_153219316,5B,6
S5B_164409665,5B,6
S5B_173374172,5B,6
S5B_185436014,5B,6
S5B_190564103,5B,6
S5B_198936146,5B,6
S5B_211915382,5B,6
S5B_224743610,5B,6
S5B_242471709,5B,6
S5B_254128932,5B,6
S5B_260062120,5B,6
S5B_271932615,5B,6
S5B_277196785,5B,6
S5B_282667965,5B,6
S5B_288372707,5B,6
S5B_297712667,5B,6
S5B_303515802,5B,6
S5B_310953571,5B,6
S5B_324555640,5B,6
S5B_330740742,5B,6
S5B_337017932,5B,6
S5B_350335336,5B,6
S5B_357054179,5B,6
S5B_362380076,5B,6
S5B_368644196,5B,6
S5B_374440422,5B,6
S5B_379555267,5B,6
S5B_385226082,5B,6
S5B_390322912,5B,6
S5B_397264129,5B,6
S5B_402271861,5B,6
S5B_410772066,5B,6
S5B_417608340,5B,6
S5B_422640944,5B,6
S5B_428403217,5B,6
S5B_434215537,5B,6
S5B_439450145,5B,6
S5B_444667517,5B,6
S5B_449932109,5B,6
S5B_455986440,5B,6
S5B_461670384,5B,6
S5B_467260645,5B,6
S5B_472344933,5B,6
S5B_478396193,5B,6
S5B_483410257,5B,6
S5B_488445766,5B,6
S5B_493802884,5B,6
S5B_498865811,5B,6
S5B_506044512,5B,6
S5B_516026626,5B,6
S5B_521232418,5B,6
S5B_530737748,5B,6
S5B_535907312,5B,6
S5B_551418711,5B,6
S5B_596223218,5B,1
S5B_601857519,5B,1
S5B_607292100,5B,1
S5B_616072342,5B,1
S5B_621089458,5B,1
S5B_626548175,5B,1
S5B_632392006,5B,1
S5B_637664877,5B,1
S5B_642835781,5B,1
S5B_648206170,5B,1
S5B_653916903,5B,1
S5B_658944563,5B,1
S5B_663956609,5B,1
S5B_668997448,5B,1
S5B_674566411,5B,1
S5B_679955991,5B,1
S5B_685324668,5B,1
S5B_690579743,5B,1
S5B_695686996,5B,1
S5B_701330635,5B,1
S5B_706972265,5B,1
S5B_712826558,5B,1
S5D_9688696,5D,1
S5D_16130795,5D,1
S5D_24943941,5D,1
S5D_30748331,5D,1
S5D_38182231,5D,1
S5D_43200896,5D,1
S5D_207559435,5D,1
S5D_234961396,5D,1
S5D_240108491,5D,1
S5D_249128175,5D,1
S5D_254437137,5D,1
S5D_259489543,5D,1
S5D_265002188,5D,1
S5D_271294019,5D,1
S5D_276939770,5D,1
S5D_284279042,5D,1
S5D_289502459,5D,1
S5D_305133268,5D,1
S5D_313223835,5D,1
S5D_318456902,5D,1
S5D_327940436,5D,1
S5D_333566004,5D,1
S5D_338862243,5D,1
S5D_345683268,5D,1
S5D_350960834,5D,1
S5D_360038469,5D,1
S5D_365137449,5D,1
S5D_370517556,5D,1
S5D_375858417,5D,1
S5D_381165544,5D,1
S5D_386189183,5D,1
S5D_391398574,5D,1
S5D_396577723,5D,1
S5D_401887182,5D,1
S5D_407101278,5D,1
S5D_419256163,5D,1
S5D_426117695,5D,1
S5D_431689593,5D,1
S5D_437405354,5D,1
S5D_442438919,5D,1
S5D_447921891,5D,1
S5D_454402122,5D,1
S5D_472137365,5D,1
S5D_478133583,5D,1
S5D_493527581,5D,1
S5D_499409886,5D,1
S5D_504662235,5D,1
S5D_510238207,5D,1
S5D_517173465,5D,1
S5D_523687210,5D,1
S5D_534265670,5D,1
S5D_539660578,5D,1
S5D_545376090,5D,1
S5D_554099145,5D,1
S6A_2445215,6A,18
S6A_7587056,6A,18
S6A_21204326,6A,18
S6A_33145155,6A,2
S6A_39347027,6A,1
S6A_53038399,6A,2
S6A_58438476,6A,2
S6A_64029559,6A,2
S6A_81747603,6A,2
S6A_86990425,6A,2
S6A_95216259,6A,2
S6A_100455456,6A,2
S6A_105873191,6A,2
S6A_121067837,6A,2
S6A_141107869,6A,2
S6A_176606566,6A,2
S6A_210601474,6A,2
S6A_255402931,6A,2
S6A_290330458,6A,2
S6A_348522435,6A,2
S6A_390631553,6A,2
S6A_424239323,6A,2
S6A_437438614,6A,2
S6A_453120986,6A,2
S6A_489175737,6A,2
S6A_495014244,6A,2
S6A_508918526,6A,2
S6A_516588585,6A,2
S6A_523876313,6A,2
S6A_531821310,6A,2
S6A_538488070,6A,2
S6A_560473542,6A,2
S6A_576246889,6A,2
S6A_581650994,6A,2
S6A_612714133,6A,20
S6A_618011347,6A,20
S6B_5333546,6B,4
S6B_11070339,6B,4
S6B_17001778,6B,4
S6B_25955236,6B,4
S6B_31504383,6B,4
S6B_38791402,6B,4
S6B_45777131,6B,4
S6B_51232849,6B,4
S6B_56453133,6B,4
S6B_63031694,6B,4
S6B_69275974,6B,4
S6B_75750580,6B,4
S6B_81368354,6B,4
S6B_87637820,6B,4
S6B_94454857,6B,4
S6B_99545639,6B,4
S6B_105464922,6B,4
S6B_110715199,6B,4
S6B_116517691,6B,4
S6B_123278772,6B,4
S6B_133166749,6B,4
S6B_141758474,6B,4
S6B_146983697,6B,4
S6B_152188392,6B,4
S6B_157270044,6B,4
S6B_163070401,6B,4
S6B_170367874,6B,4
S6B_176531864,6B,4
S6B_181567672,6B,4
S6B_235883213,6B,4
S6B_247543473,6B,4
S6B_253462715,6B,4
S6B_261045003,6B,4
S6B_267289868,6B,4
S6B_280306913,6B,4
S6B_286185019,6B,4
S6B_291666270,6B,4
S6B_299552810,6B,4
S6B_307963310,6B,4
S6B_313859568,6B,4
S6B_318865505,6B,4
S6B_324196811,6B,4
S6B_329940840,6B,4
S6B_334967875,6B,4
S6B_340390015,6B,4
S6B_347158931,6B,4
S6B_352167664,6B,4
S6B_358334454,6B,4
S6B_363583674,6B,4
S6B_369539616,6B,4
S6B_377272786,6B,4
S6B_382529312,6B,4
S6B_388580546,6B,4
S6B_395081827,6B,4
S6B_400154565,6B,4
S6B_406382054,6B,4
S6B_411972233,6B,4
S6B_417251812,6B,4
S6B_424505469,6B,4
S6B_429793114,6B,4
S6B_439380012,6B,4
S6B_445747830,6B,4
S6B_451443445,6B,4
S6B_458832731,6B,4
S6B_463933688,6B,4
S6B_470077929,6B,4
S6B_477938134,6B,4
S6B_483414144,6B,4
S6B_493495742,6B,4
S6B_524259194,6B,4
S6B_530699388,6B,4
S6B_551860622,6B,4
S6B_559441001,6B,4
S6B_565636770,6B,4
S6B_597540893,6B,4
S6B_637781059,6B,4
S6B_668765623,6B,4
S6B_674236595,6B,4
S6B_686100713,6B,4
S6B_693713359,6B,4
S6B_702111083,6B,4
S6B_707268032,6B,4
S6B_714272237,6B,4
S6D_1840648,6D,10
S6D_7364600,6D,10
S6D_13647969,6D,10
S6D_20128130,6D,10
S6D_25822445,6D,10
S6D_31786841,6D,10
S6D_57012297,6D,10
S6D_67499768,6D,10
S6D_75353979,6D,10
S6D_81154432,6D,10
S6D_89640950,6D,10
S6D_96518989,6D,10
S6D_110774125,6D,10
S6D_123406964,6D,10
S6D_139758398,6D,10
S6D_156585900,6D,10
S6D_241903240,6D,10
S6D_281766286,6D,10
S6D_292279974,6D,10
S6D_301545018,6D,10
S6D_307082836,6D,10
S6D_312832131,6D,10
S6D_356469439,6D,10
S6D_366305049,6D,10
S6D_374148590,6D,10
S6D_385325830,6D,10
S6D_392010417,6D,10
S6D_413066605,6D,10
S6D_419316709,6D,10
S6D_424980627,6D,10
S6D_431460920,6D,10
S6D_439232008,6D,10
S6D_445986640,6D,10
S6D_451684429,6D,10
S6D_456760824,6D,10
S6D_462445290,6D,10
S6D_469551898,6D,10
S6D_475136267,6D,10
S6D_483676832,6D,10
S7A_1998125,7A,12
S7A_7130359,7A,12
S7A_12864266,7A,12
S7A_18309764,7A,12
S7A_23466968,7A,12
S7A_28819298,7A,12
S7A_34513192,7A,12
S7A_39824095,7A,12
S7A_44960056,7A,12
S7A_51849310,7A,12
S7A_57671967,7A,12
S7A_62841676,7A,12
S7A_68400278,7A,12
S7A_73530155,7A,12
S7A_78557840,7A,12
S7A_83724592,7A,12
S7A_94123546,7A,12
S7A_112091195,7A,12
S7A_658309658,7A,12
S7A_665667805,7A,12
S7A_679116595,7A,12
S7A_684453881,7A,12
S7A_689838777,7A,12
S7A_695100009,7A,12
S7A_700431984,7A,12
S7A_705544477,7A,12
S7A_710634489,7A,12
S7A_716479917,7A,12
S7A_721559883,7A,12
S7A_727076970,7A,12
S7A_732154072,7A,12
S7A_737693930,7A,12
S7A_742816899,7A,12
S7B_4426157,7B,11
S7B_9538800,7B,11
S7B_14668078,7B,11
S7B_19699035,7B,11
S7B_26384586,7B,11
S7B_33563142,7B,11
S7B_64703557,7B,11
S7B_70145351,7B,11
S7B_75397582,7B,11
S7B_532433091,7B,11
S7B_583997543,7B,11
S7B_590116882,7B,11
S7B_595866005,7B,11
S7B_601447436,7B,11
S7B_609991455,7B,11
S7B_615799383,7B,11
S7B_623478914,7B,11
S7B_629280957,7B,11
S7B_634377342,7B,11
S7B_639860925,7B,11
S7B_645235773,7B,11
S7B_650498700,7B,11
S7B_658760567,7B,11
S7B_669247295,7B,11
S7B_681403338,7B,11
S7B_687512515,7B,11
S7B_693175746,7B,11
S7B_700431748,7B,11
S7B_705923698,7B,11
S7B_710948495,7B,11
S7B_716503344,7B,11
S7B_722269268,7B,11
S7B_727326181,7B,11
S7B_732336136,7B,11
S7B_737621901,7B,11
S7B_744442568,7B,11
S7B_753037742,7B,11
S7B_763533109,7B,11
S7D_3772406,7D,1
S7D_10385416,7D,1
S7D_21487948,7D,1
S7D_31626271,7D,1
S7D_37101749,7D,1
S7D_42682474,7D,1
S7D_47766220,7D,1
S7D_53153761,7D,1
S7D_59299830,7D,1
S7D_66390911,7D,1
S7D_71933054,7D,1
S7D_78636048,7D,1
S7D_85106129,7D,1
S7D_90276121,7D,1
S7D_95370419,7D,1
S7D_100450114,7D,1
S7D_106252309,7D,1
S7D_112658895,7D,1
S7D_119323880,7D,1
S7D_124563187,7D,1
S7D_129766832,7D,1
S7D_138831534,7D,1
S7D_144011051,7D,1
S7D_149837390,7D,1
S7D_156634980,7D,1
S7D_166275164,7D,1
S7D_171798541,7D,1
S7D_180079468,7D,1
S7D_186279081,7D,1
S7D_197629229,7D,1
S7D_221494074,7D,1
S7D_258606449,7D,1
S7D_265357802,7D,1
S7D_297499841,7D,1
S7D_320802544,7D,1
S7D_344040092,7D,1
S7D_362778588,7D,1
S7D_389753036,7D,1
S7D_395197042,7D,1
S7D_416481203,7D,1
S7D_423243945,7D,1
S7D_428442725,7D,1
S7D_434948620,7D,1
S7D_440282637,7D,1
S7D_446625146,7D,1
S7D_455197167,7D,1
S7D_461034679,7D,1
S7D_466072051,7D,1
S7D_560457457,7D,1
S7D_565784673,7D,1
S7D_571715869,7D,1
S7D_577133064,7D,1
S7D_582651984,7D,1
S7D_588109497,7D,1
S7D_594252580,7D,1
S7D_599718146,7D,1
S7D_609296503,7D,1
S7D_621468483,7D,1
S7D_628431533,7D,1
S7D_633600418,7D,1
S7D_642583789,7D,1
